item_id,subject,category,idx_in_subject,question,choice_A,choice_B,choice_C,choice_D,answer
college_computer_science_0000,college_computer_science,STEM,0,The access matrix approach to protection has the difficulty that,"the matrix, if stored directly, is large and can be clumsy to manage",it is not capable of expressing complex protection requirements,deciding whether a process has access to a resource is undecidable,there is no way to express who has rights to change the access matrix itself,A
college_computer_science_0010,college_computer_science,STEM,10,"Mergesort works by splitting a list of n numbers in half, sorting each half recursively, and merging the two halves. Which of the following data structures will allow mergesort to work in O(n log n) time?
I. A singly linked list
II. A doubly linked list
III. An array",None,III only,I and II only,"I, II, and III",D
college_computer_science_0018,college_computer_science,STEM,18,Which of the following statements about Ethernets is typically FALSE?,Ethernets use circuit switching to send messages.,Ethernets use buses with multiple masters.,Ethernet protocols use a collision-detection method to ensure that messages are transmitted properly.,Networks connected by Ethernets are limited in length to a few hundred meters.,A
college_computer_science_0022,college_computer_science,STEM,22,The IP protocol is primarily concerned with,Routing packets through the network,Reliable delivery of packets between directly connected machines,Reliable delivery of large (multi-packet) messages between machines that are not necessarily directly connected,Dealing with differences among operating system architectures,A
college_computer_science_0030,college_computer_science,STEM,30,Which of the following is true of interrupts?,"They are generated when memory cycles are ""stolen"".",They are used in place of data channels.,They can indicate completion of an I/O operation.,They cannot be generated by arithmetic operations.,C
college_computer_science_0039,college_computer_science,STEM,39,"Of the following, which best characterizes computers that use memory-mapped I/O?",The computer provides special instructions for manipulating I/O ports.,I/O ports are placed at addresses on the bus and are accessed just like other memory locations.,"To perform an I/O operation, it is sufficient to place the data in an address register and call the channel to perform the operation.",Ports are referenced only by memory-mapped instructions of the computer and are located at hardwired memory locations.,B
college_computer_science_0044,college_computer_science,STEM,44,"For a connected, undirected graph G = (V, E), which of the following must be true?
I. Σ_{v∈V} degree(v) is even.
II. |E| ≥ |V| − 1
III. G has at least one vertex with degree 1.",I only,II only,III only,I and II,D
college_computer_science_0045,college_computer_science,STEM,45,"In multiprogrammed systems it is advantageous if some programs such as editors and compilers can be shared by several users. Which of the following must be true of multiprogrammed systems in order that a single copy of a program can be shared by several users?
I. The program is a macro.
II. The program is recursive.
III. The program is reentrant.",I only,II only,III only,II and III only,C
college_computer_science_0053,college_computer_science,STEM,53,Which of the following sorting algorithms has average-case and worst-case running times of O(n log n)?,Bubble sort,Insertion sort,Merge sort,Quicksort,C
college_computer_science_0070,college_computer_science,STEM,70,"Which of the following considerations applies (apply) to choosing the page size in a paging system?
I. An advantage of larger pages is that they lead to smaller page tables.
II. An advantage of smaller pages is that they lead to less waste due to internal fragmentation.
III. Normally, the dominant factor in disk access time is not dependent on page length, so longer pages can be used advantageously.",I only,II only,I and III only,"I, II, and III",D
college_computer_science_0080,college_computer_science,STEM,80,"An Euler circuit of an undirected graph is a circuit in which each edge of the graph appears exactly once. Which of the following undirected graphs must have an Euler circuit?
I. A complete graph with 12 vertices
II. A complete graph with 13 vertices
III. A tree with 13 vertices",I only,II only,III only,I and II,B
college_computer_science_0083,college_computer_science,STEM,83,A starvation-free job-scheduling policy guarantees that no job waits indefinitely for service. Which of the following job-scheduling policies is starvation-free?,Round-robin,Priority queuing,Shortest job first,Youngest job first,A
high_school_macroeconomics_0009,high_school_macroeconomics,Social Sciences,9,When a nation is operating at the natural rate of unemployment,there is no cyclical unemployment.,the inflation rate is zero.,there is no structural unemployment.,the nation is experiencing a recession.,A
high_school_macroeconomics_0033,high_school_macroeconomics,Social Sciences,33,According to Say's law,when price goes up supply goes up,it is better to give than receive,demand creates its own supply,supply creates its own demand,D
high_school_macroeconomics_0042,high_school_macroeconomics,Social Sciences,42,National income measures,household income in the nation.,income earned by the factors of production.,GDP minus depreciation and indirect business taxes.,(B) (C) and (D).,D
high_school_macroeconomics_0055,high_school_macroeconomics,Social Sciences,55,In the equation GDP = C + I + G + X X stands for,exports.,expenditures.,exports minus imports.,imports minus exports.,C
high_school_macroeconomics_0113,high_school_macroeconomics,Social Sciences,113,Use the following three responses to answer the question: Fiscal policy is not always effective because of I. crowding out. II. rational expectations. III. the balanced budget amendment.,I only,II only,II and III,I and II,D
high_school_macroeconomics_0153,high_school_macroeconomics,Social Sciences,153,Which of the following would be considered contractionary monetary policy?,The purchase of bonds,The sale of bonds,An increase in taxes,An increase in government spending,B
high_school_macroeconomics_0245,high_school_macroeconomics,Social Sciences,245,When we observe an unplanned decrease in inventories we can expect,prices to begin to fall.,output to begin to rise.,saving to begin to fall.,output to begin to fall.,B
high_school_macroeconomics_0265,high_school_macroeconomics,Social Sciences,265,Fiscal policy refers to,increases in taxes to fight recessions.,decreases in taxes to fight inflations.,changes in government spending and taxes to fight recessions or inflations.,federal deficits.,C
high_school_macroeconomics_0268,high_school_macroeconomics,Social Sciences,268,A balance of payments deficit means that a country has,imported more than it has exported.,exported more than it has imported.,taken in more money than it has sent abroad.,lowered its official reserve position.,D
high_school_macroeconomics_0272,high_school_macroeconomics,Social Sciences,272,Suppose the price level in the United States has risen in the past year but production of goods and services has remained constant. Based on this information which of the following is true? NOMINAL GDP     REAL GDP,Increased     Increased,No change     Decreased,Decreased     Decreased,Increased     Decreased,D
high_school_macroeconomics_0311,high_school_macroeconomics,Social Sciences,311,The GDP Deflator I. is used to calculate inflation rates. II. is an alternative to the CPI. III. is more accurate than the CPI.,Only I is true.,I and II are true.,I and III are true.,II and III are true.,B
high_school_macroeconomics_0377,high_school_macroeconomics,Social Sciences,377,In the equation of exchange,M stands for the money supply and Q stands for quality.,V stands for the velocity of GDP and Q stands for quality.,P stands for the price level and Q stands for quarter.,P stands for the price level and V stands for the velocity of money.,D
high_school_mathematics_0030,high_school_mathematics,STEM,30,What is the ones digit of $1 \cdot 2 \cdot 3 \cdot 4 \cdot 5 \cdot 6 \cdot 7 \cdot 8 \cdot 9$?,1,2,0,5,C
high_school_mathematics_0045,high_school_mathematics,STEM,45,"A box contains 4 white balls and 4 black balls. I draw them out of the box, one at a time. What is the probability that all of my draws alternate colors?",\frac{1}{8},\frac{1}{7},\frac{1}{40},\frac{1}{35},D
high_school_mathematics_0079,high_school_mathematics,STEM,79,"A virus is spreading throughout the population of a town, and the number of people who have the virus doubles every 3 days. If there are 1,000 people in the town, and 10 people have the virus on January 1st, what is the earliest date at which the entire town would be infected with the virus, given that there are 365 days in a year, and 31 days in the month of January?",January 10th,January 21st,January 31st,February 10th,B
high_school_mathematics_0116,high_school_mathematics,STEM,116,Evaluate the sum\[\frac{1}{2^1} + \frac{2}{2^2} + \frac{3}{2^3} + \cdots + \frac{k}{2^k} + \cdots \],\infty,1,2,4,C
high_school_mathematics_0127,high_school_mathematics,STEM,127,Find the length of the curve y = ln x between the points where y = 1/2 and y = 1.,0.53,0.86,1.18,1.36,C
high_school_mathematics_0137,high_school_mathematics,STEM,137,The shape of the sign outside Bob's Burger Barn is a regular octagon. How many degrees are in the measure of an interior angle of this sign?,90,135,45,180,B
high_school_mathematics_0158,high_school_mathematics,STEM,158,"Morgan is on a social networking website. She has 60 female friends and 50 male friends and belongs to 5 social groups. If 30% of her female friends live in town and 40% of her male friends live in town, how many out-of-town friends does she have on the social networking site?",38,72,110,360,B
high_school_mathematics_0183,high_school_mathematics,STEM,183,The quadratic $2x^2+5x+12=19-7x$ has two solutions. What is the positive difference between these solutions?,2,\sqrt{2},5\sqrt{2},5,C
high_school_mathematics_0196,high_school_mathematics,STEM,196,"Let $p$, $q$, and $r$ be constants. One solution to the equation $(x-p)(x-q) = (r-p)(r-q)$ is $x=r$. Find the other solution in terms of $p$, $q$, and $r$.",pqr,pq-r,p-q-r,p+q-r,D
high_school_mathematics_0209,high_school_mathematics,STEM,209,"The $n^{\text{th}}$ term of a certain geometric series is given by $a\cdot r^{n-1}$, where $a$ and $r$ are positive integers and $r$ is greater than 1. Bill picks out $k$ different numbers in this sequence, all of which have the same number of digits. What is the largest possible value of $k$?",4,5,8,16,A
high_school_mathematics_0227,high_school_mathematics,STEM,227,"Find the volume of the solid generated when the region bounded by the y-axis, y = e^x, and y = 2 is rotated around the y-axis.",0.296,0.592,2.427,3.998,B
high_school_mathematics_0247,high_school_mathematics,STEM,247,"An object moving along a line has velocity v(t) = t cos(t) - ln (t + 2), where 0 <= t <= 10. How many times does the object reverse direction?",none,one,two,three,C
high_school_mathematics_0268,high_school_mathematics,STEM,268,"Bob rolls a fair six-sided die each morning. If Bob rolls a composite number, he eats sweetened cereal. If he rolls a prime number, he eats unsweetened cereal. If he rolls a 1, then he rolls again. In a non-leap year, what is the expected number of times Bob will roll his die?",\frac{5}{8},\frac{1825}{4},\frac{5}{4},438,D
marketing_0009,marketing,Other,9, Providing free samples of perfumes (scent) in magazines is an example of which of the following?,Classical conditioning.,Operant conditioning.,Social learning.,Behavioural learning.,A
marketing_0015,marketing,Other,15,A method of marketing by electronic mail wherein the recipient of the message has consented to receive it is called:,Search marketing.,Internet advertising.,Permission-based email marketing.,Social web marketing.,C
marketing_0055,marketing,Other,55,____________ is very effective at delivering messages to target audiences as it allows for explanation in a way that most other media cannot.,Digital.,Print.,Broadcast.,Outdoor.,B
marketing_0069,marketing,Other,69,Which of the following statements is correct?,Marketing is the term used to refer only to the sales function within a firm.,Marketing managers don't usually get involved in production or distribution decisions.,Marketing is an activity that considers only the needs of the organization; not the needs of society as a whole.,"Marketing is the activity, set of institutions, and processes for creating, communicating, delivering, and exchanging offerings that have value for customers, clients, partners, and society at large.",D
marketing_0093,marketing,Other,93, Fees paid by advertisers to online companies that refer qualified potential customers or provide consumer information where the consumer opts in to being contacted by a marketer. This is referred to as:,Lead generation.,Search.,Rich media.,Social media marketing.,A
marketing_0109,marketing,Other,109,"A framework categorizes different services, which, in turn, influence the degree to which market offerings can be evaluated, and three main properties are identified:","Search, experiment, and credence properties.","Search, experience, and credence properties.","Sell, trust, and credence properties.","Search, belief, and confidence properties.",B
marketing_0127,marketing,Other,127,"These are stores designed to kill off the competition and are characterized by narrow but very deep product assortment, low prices, and few to moderate customer services:",Speciality stores.,Limited line retailers.,Category-killer stores.,Superstores.,C
marketing_0180,marketing,Other,180,"A form of marketing communications that uses the Internet for the purpose of advertising, aiming to increase website traffic and/or encourage product trial, purchase, and repeat purchase activity is called:",Search marketing.,E-mail marketing.,Internet advertising.,Social web marketing.,C
marketing_0196,marketing,Other,196,This business-to-business pricing approach seeks to understand customers' needs before pricing the offering according to those needs in order to generate a long-term relationship. This is referred to as:,Geographical pricing.,Discount pricing.,Relationship pricing.,Value-in-use pricing.,C
marketing_0206,marketing,Other,206,"________________reflect a purchaser's high level of involvement in the purchase decision. There is high perceived risk in these decisions so consumers spend a great deal of time, care, and energy searching, formulating, and making the final decision.",Durable goods.,Non-durable goods.,Convenience products.,Services.,A
marketing_0213,marketing,Other,213,"Once a train pulls out of a station, or an aeroplane takes off or a film starts, those seats are lost and can never be sold. This is referred to as:",Inseparability.,Variability.,Intangibility.,Perishability.,D
marketing_0224,marketing,Other,224,___________ is based on the idea that customer expectations of the service they will receive shape their perception of the actual service encounter.,Service quality.,Service action.,Service recovery.,Service satisfaction.,A
marketing_0227,marketing,Other,227,Which of the following is not part of the external marketing environment?,Political.,Legal.,Product.,Socio-cultural.,C
nutrition_0005,nutrition,Other,5,"Which of the following contributes to vitamin B12 deficiency in older adults?
",Reduced secretion of intrinsic factor,Atrophic gastritis,Helicobacter pylori infection,All of the above,D
nutrition_0009,nutrition,Other,9,"Which of the following statements about human amino acid requirements in human nutrition is correct?
",The amino acid requirements determined for adults is assumed to be the requirement pattern for all ages.,The amino acid requirements determined for adults is assumed to be the requirements for maintenance for all ages.,The amino acid pattern of breast milk is assumed to be the requirement pattern for all children.,The amino acid pattern of human tissue protein is assumed to be the requirement patterns for infants and young children.,B
nutrition_0033,nutrition,Other,33,"It has been observed that a reduction in family size and improved sanitary condition have led to an increase in allergic conditions. The 'hygiene hypothesis' suggests that
",The frequent use of antiseptic swipes will reduce allergies,Living on a working farm will help reducing the development of atopic diseases,Particular care must be taken during breast feeding in high risk infants,Living on a working farm will increase the development of atopic diseases,B
nutrition_0060,nutrition,Other,60,"Infants and children with a suspected food allergy e.g. cow's milk allergy/intolerance could display the following symptoms and signs:
",severe atopic dermatitis,enterocolitis,diarrhoea,all of the above,D
nutrition_0101,nutrition,Other,101,"In which form is selenium found in the 25 human selenoproteins?
",Selenophosphate,Selenocysteine,Selenohistidine,Selenate,B
nutrition_0111,nutrition,Other,111,"Colonic microbiome:
",Is present in babies in utero,Is a cause of eosinopjhilic oesophagitis,Is easily changed by probiotic supplementation,May be changed with consumption of oligo-saccharides,D
nutrition_0119,nutrition,Other,119,"Nutrients may pose health risks:
",When intakes exceed established ULs (Upper Levels),At any level greater than a recommended dietary intake,Only when intakes are less than those required for nutritional benefits,Under no known conditions of usual intake,A
nutrition_0154,nutrition,Other,154,"Was T.R. Malthus correct in concluding that population growth will outstrip food production growth?
","No, technological and institutional innovations have permitted food supplies to more than keep pace with population growth.","Yes, it is only because of widespread famines that population has not overwhelmed food supplies altogether.","No, but it is only because of the introduction of genetically modified food that supplies have kept pace with population growth.","No, but supplies are not likely to keep pace with population growth over the next 10 years.",A
nutrition_0157,nutrition,Other,157,"Alcohol is a major risk factor for cancer development. Which alcohol metabolite plays a prominent role in cancer development?
",fatty acid ethyl esters (FAEE),acetate,acetaldehyde,alcohol,C
nutrition_0167,nutrition,Other,167,"Which of the following methods is recommended to screen for malnutrition on admission to hospital?
",A 7-day food diary,The MUST tool,Serum albumin concentration,Demi-span,B
nutrition_0182,nutrition,Other,182,"On an average daily basis, the gross energy intake of a healthy woman is 9279 kJ, the energy content of her faeces and urine are 647 kJ and 318 kJ, respectively. Her average daily digestible energy intake and metabolisable energy intake would be, respectively,:
",647 kJ and 318 kJ,9279-318 kJ and 9279-647 kJ,9279+318 kJ and 9279+647 kJ,9279-647 kJ and 9279-(647+318) kJ,D
nutrition_0203,nutrition,Other,203,"What is the typical body composition of a normal weight young adult man?
","Fat = 17%, Fat Free Mass=83%, Intracellular Fluid= 40%, Extracellular Fluid= 20%","Fat = 83%, Fat Free Mass=40%, Intracellular Fluid= 17%, Extracellular Fluid= 20%","Fat = 20%, Fat Free Mass=17%, Intracellular Fluid= 40%, Extracellular Fluid= 83%","Fat = 40%, Fat Free Mass=20%, Intracellular Fluid= 17%, Extracellular Fluid= 83%",A
philosophy_0009,philosophy,Humanities,9,"According to Kant, morality requires us to:",perform the action that leads to the greatest total happiness.,act only on maxims that we can will to become universal laws.,behave only in such a way as a perfectly virtuous person would behave.,place the interests of others above the interests of ourselves.,B
philosophy_0025,philosophy,Humanities,25,Hume divides our perceptions into two categories:,sensations and emotions.,impressions and ideas.,static and dynamic.,simple and complex.,B
philosophy_0046,philosophy,Humanities,46,"Concerning the relationship between morality and theology, Bentham claims that:",we must first know whether something is right before we can know whether it conforms to God’s will.,we must first know whether something conforms to God’s will before we can know that it is right.,"God exists, but does not concern himself with matters of morality.",God does not exist.,A
philosophy_0057,philosophy,Humanities,57,"""Is there anything you would be willing to die for?"" is a philosophical question insofar as:",it does not have any right or wrong answer because it is a meaningless question.,it is a meaningless question because everyone could have a different answer to it.,it forces us to articulate and justify our beliefs about what we know and ought to do.,it is more concerned with one's religious beliefs than with factual claims about the world.,C
philosophy_0060,philosophy,Humanities,60,"According to Baier’s theory, the second step in assessing whether an action is morally permissible is to find out:",whether it is forbidden by a moral rule of one’s group.,whether the moral rule forbidding it is a genuine moral rule.,whether it is forbidden by a law.,whether one can approve of it.,B
philosophy_0063,philosophy,Humanities,63,"Wolf claims that ultimately, normative questions must be assessed from:",the moral point of view.,the point of view of virtue.,the point of view of individual perfection.,a perspective that is unattached to a commitment to any well-ordered system of values.,D
philosophy_0075,philosophy,Humanities,75,An important formal characteristic of art is_____.,social meaning,faithful representation,its power to evoke strong emotions,coherence,D
philosophy_0092,philosophy,Humanities,92,Baier claims that ethical skepticism is often due to:,confused metaphysical theories.,confused epistemological theories.,confused religious views.,confused scientific theories.,B
philosophy_0163,philosophy,Humanities,163,Nussbaum claims that the specification of particular virtues:,will always consist of a single answer.,might sometimes turn out to be a disjunction.,is necessarily relative to a culture.,can be settled in such a way as to be no longer revisable.,B
philosophy_0184,philosophy,Humanities,184,What was Schopenhauer's attitude toward life?,He thought life was uncertain but worthwhile.,He thought life was hard but ultimately hopeful.,He thought life was bereft of meaning.,He believed in an afterlife in which all misery vanishes.,C
philosophy_0244,philosophy,Humanities,244,"According to Rawls, the two parts of his theory:",are interdependent: You cannot accept one part without accepting the other.,are independent: You can accept either part without accepting the other.,are provable from self-evident premises.,cannot be justified via rational means.,B
philosophy_0290,philosophy,Humanities,290,What are some of the frequent frustrations in writing or reading about research ethics?,Writers differ over what is ethically acceptable.,The same debates are rehearsed over decades.,Cases of ethical violation tend to be linked with certain research methods.,All of the above.,D
sociology_0015,sociology,Social Sciences,15,"When sociologists study the structure of layers in society and people's movement between them, they call this:",social stratification,social control,social conflict,social solidarity,A
sociology_0030,sociology,Social Sciences,30,Sullivan's (2000) study suggested that the proportion of housework men did was greatest when:,they had rediscovered themselves as 'new men',their wives were at home and nagged them all the time,exciting gadgets like the hoover and electric iron were invented,they were unemployed or both partners worked full time,D
sociology_0045,sociology,Social Sciences,45,The 'new man' of the 1980s was alleged to be:,"sensitive, caring, and emotional","laddish, aggressive, and violent",a strong and dependable breadwinner,openly bisexual and proud of it,A
sociology_0066,sociology,Social Sciences,66,Murray thought that the 'underclass' consisted of people who:,formed an inferior 'race' with low levels of intelligence,lived morally unsound lives of crime and squalor,were too reliant upon welfare benefits,all of the above,D
sociology_0069,sociology,Social Sciences,69,Role-learning theory suggests that,we internalise and take on social roles from a pre-existing framework,we create and negotiate our roles through interaction with others,social roles are not fixed or stable but fluid and pluralistic,roles have to be learned to suppress unconscious motivations,A
sociology_0095,sociology,Social Sciences,95,"In the 1990 reform of the National Health Service, hospitals became:",self-governing trusts competing for purchasing contracts from health authorities,"state-controlled providers, dependent on funding from the central government",increasingly detached from health authorities and providers of private health care,"less inclined to run themselves efficiently, as demand for health care was falling",A
sociology_0115,sociology,Social Sciences,115,The term 'feminist standpoint' suggests:,taking a stand on the issues neglected by feminism,studying society from the perspective of women,the recognition of difference and diversity in women's lives,a tendency to ignore the gendered nature of knowledge,B
sociology_0128,sociology,Social Sciences,128,Smith & Tomlinson argued that:,differences in ethnic background were more significant than class or gender in predicting educational achievement,racism in schools undermined the move towards equality of opportunity for children from ethnic minorites,school character far outweighed ethnic background in determining educational success,gender differences in educational achievement could be attributed to inequalities of class,C
sociology_0158,sociology,Social Sciences,158,Which of the following groups or organizations can be identified as having the characteristics of a bureaucracy?,"An extended or consanguine family, including all the relatives by blood, marriage, or adoption",The government of a large city,A book club in which books are chosen by members who take turns alphabetically to lead discussion,The volunteers who gather annually to clean the neighborhood,B
sociology_0165,sociology,Social Sciences,165,Which of the following best describes the definition of poverty used by the United States government?,It specifies the poverty line at a level set in the 1960s and adjusted since to reflect inflation.,"It includes the value of government services, such as Medicaid or public housing, when setting the poverty line.","It is based on the concept of relative deprivation, and the poverty line changes as the distribution of income changes.","It is based on the concept of lifestyle, and the poverty line varies according to the needs of the individual.",A
sociology_0171,sociology,Social Sciences,171,The 'new racism' refers to:,"a subtler form of prejudice, masked by nationalist pride",a post-modern deconstruction of racist ideas to reveal their lack of depth,"racist practices found in newly emerging areas of social life, such as cyberspace",an anti-fascist movement which challenges nationalist politics,A
sociology_0175,sociology,Social Sciences,175,Industrial production in the nineteenth century was characterized by:,increasing numbers of women in high status positions,cottage industries and homeworkers doing piecework in the domestic sphere,the 'managerial revolution' by which ownership and control became separate,power-driven machinery and the concentration of workers in large workplaces,D
sociology_0183,sociology,Social Sciences,183,Which of the following is a personal document with closed access?,government 'white paper',confidential medical records,household account book,the shares register of a business,C
world_religions_0051,world_religions,Humanities,51, After what event did the Rabbinical period begin within Judaism?,Construction of the Second Temple,Destruction of the Second Temple,The Christianization of the Roman Empire,The emergence of Islam,B
world_religions_0055,world_religions,Humanities,55,"Which of the following does the term ""Arhats"" refer to?",Enlightened being,Worthy ones,Saintly ones,Sages,A
world_religions_0056,world_religions,Humanities,56,Which Guru was martyred when he refused to embrace Islam?,Guru Ram Das,Guru Tegh Bahadur,Guru Gobind Singh,Guru Har Rai,B
world_religions_0078,world_religions,Humanities,78,What is bhakti often translated as?,Gods,Yoga,Devotion,Religion,C
world_religions_0101,world_religions,Humanities,101,"Which branch of Judaism founded by Zacharias Frankel is known for its ""Positive-Historical Judaism""?",Conservative,Reformed,Reconstructionism,Orthodox,A
world_religions_0104,world_religions,Humanities,104,Which term is usually associated with women in Hindu traditions?,Polluted,Ideal,Auspiciousness,Kind,C
world_religions_0108,world_religions,Humanities,108, Charism can be defined as which of the following?,An oil,Prophecy,A spiritual gift,Authority,C
world_religions_0109,world_religions,Humanities,109," In Islam, what is the qiblah?",Almsgiving,Pilgrimage,Direction of prayer,Revelation,C
world_religions_0135,world_religions,Humanities,135, The Continental Reformation started in what year?,1545,1517,1492,1705,B
world_religions_0137,world_religions,Humanities,137,Which deity is the Roman counterpart to the Greek god Zeus?,Jupiter,Juno,Dionysius,Neptune,A
world_religions_0139,world_religions,Humanities,139, Which Egyptian gods did Akhenaten make a determined effort to eliminate?,Shu and Set,Horus and Isis,Amun and Mut,Khonsu and Nekhbet,C
world_religions_0157,world_religions,Humanities,157," What does ""Svetambara"" mean?","""Sky-clad""","""Naked""","""White-clad""","""Clothed""",C
world_religions_0162,world_religions,Humanities,162,"The ""Flower Sermon"" is associated with which form of Buddhism?",Theravada,Chan-Zen,Pure Land,Yogicara,B
